,Title,Link
0,Cultivation Online,https://novelfull.net/cultivation-online-novel.html
1,Infinite Mana In The Apocalypse,https://novelfull.net/infinite-mana-in-the-apocalypse.html
2,Martial Peak,https://novelfull.net/martial-peak.html
3,Dual Cultivation,https://novelfull.net/dual-cultivation-novel.html
4,My Three Wives Are Beautiful Vampires.,https://novelfull.net/my-three-wives-are-beautiful-vampires.html
5,Cultivation Chat Group,https://novelfull.net/cultivation-chat-group.html
6,My Vampire System,https://novelfull.net/my-vampire-system-v122.html
7,One Birth Two Treasures: The Billionaire’s Sweet Love,https://novelfull.net/one-birth-two-treasures-the-billionaires-sweet-love.html
8,Library of Heaven’s Path,https://novelfull.net/library-of-heavens-path.html
9,My Wife is a Beautiful CEO,https://novelfull.net/my-wife-is-a-beautiful-ceo.html
10,Trial Marriage Husband: Need to Work Hard,https://novelfull.net/trial-marriage-husband-need-to-work-hard.html
11,Perfect Secret Love: The Bad New Wife is a Little Sweet,https://novelfull.net/perfect-secret-love-the-bad-new-wife-is-a-little-sweet.html
12,Hidden Marriage,https://novelfull.net/hidden-marriage.html
